<?xml version="1.0" encoding="UTF-8"?>
<project-private xmlns="http://www.netbeans.org/ns/project-private/1">
    <editor-bookmarks xmlns="http://www.netbeans.org/ns/editor-bookmarks/2" lastBookmarkId="0"/>
    <open-files xmlns="http://www.netbeans.org/ns/projectui-open-files/2">
        <group>
            <file>file:/D:/Aplications/EstructuraDeDatos/Actividad3/src/org/blackcode/EstructuraDeDatos/ArreglosUnidimensionales/core/Controlador.java</file>
            <file>file:/D:/Aplications/EstructuraDeDatos/Actividad3/src/org/blackcode/EstructuraDeDatos/ArreglosUnidimensionales/view/Vista.java</file>
        </group>
    </open-files>
</project-private>
