<?xml version="1.0" encoding="UTF-8"?>
<project-private xmlns="http://www.netbeans.org/ns/project-private/1">
    <editor-bookmarks xmlns="http://www.netbeans.org/ns/editor-bookmarks/2" lastBookmarkId="0"/>
    <open-files xmlns="http://www.netbeans.org/ns/projectui-open-files/2">
        <group>
            <file>file:/D:/Aplications/EstructuraDeDatos/Recursividad/src/org/blackcode/EstructuraDeDatos/Recursividad/ControladorArreglos.java</file>
            <file>file:/D:/Aplications/EstructuraDeDatos/Recursividad/src/org/blackcode/EstructuraDeDatos/Recursividad/Recursividad3.java</file>
            <file>file:/D:/Aplications/EstructuraDeDatos/Recursividad/src/org/blackcode/EstructuraDeDatos/Recursividad/Recursividad2.java</file>
            <file>file:/D:/Aplications/EstructuraDeDatos/Recursividad/src/org/blackcode/EstructuraDeDatos/Recursividad/MainRectangulos.java</file>
            <file>file:/D:/Aplications/EstructuraDeDatos/Recursividad/src/org/blackcode/EstructuraDeDatos/Recursividad/Recursiviad1.java</file>
        </group>
    </open-files>
</project-private>
