﻿concepto,definicion
3DNow,3DNow: Especificaciones multimedia para los procesadores de AMD.
Acceso Directo,Acceso Directo: Icono especial que representa a una carpeta o un archivo y que abre o ejecuta ésta de una forma cómoda y rápida.
Acceso telefónico a redes,Acceso telefónico a redes: Aplicación que permite utilizar una línea telefónica y un módem para conectarse a otro equipo.
Active Desktop,"Active Desktop: Escritorio activo de Windows 98 que permite tener contenido activo en el Escritorio y poner como fondo o papel tapiz una página Web, un vídeo, un sonido, etc."
Active X,Active X: Tecnología de Microsoft que proporciona contenido multimedia (interactivo) a las páginas Web.
Actualizar,Actualizar: Volver a cargar o mostrar el contenido de una página Web o una ventana.
ADC,"ADC: Circuito para convertir la señal analógica en digital, es decir, para digitalizar."
Add-ons,Add-ons: Añadidos o módulos que se incorporan a los que ya se tienen y que proporcionan nuevas funcionalidades.
ADSL ,ADSL (Asymmetric Digital Subscriber Line - Línea Digital Asimétrica de Abonado): Sistema asimétrico de transmisión de datos sobre líneas telefónicas convencionales.
AGP,AGP: Puerto acelerador gráfico. Bus que mejora la reproducción de gráficos en el ordenador.
AIX,AIX: Versión del sistema operativo UNIX diseñada por IBM para estaciones de trabajo y grandes sistemas.
Alfanumérico,"Alfanumérico: Cualquier combinación de números, letras y símbolos."
Algoritmo,Algoritmo: Conjunto de instrucciones concretas y detalladas mediante el cual se consigue una acción determinada.
AMD,"AMD: Empresa que fabrica los procesadores K6 o K6-2, competencia de Pentium y Pentium II."
Ancho de banda,Ancho de banda: Máxima cantidad de información simultánea que se puede transferir por una línea telefónica.
API ,"API (Aplication Program Interface - Interfaz de Aplicación del Programa): Conjunto de rutinas del sistema que se pueden usar en un programa para la gestión de entrada-salida de ficheros, etc."
Aplicación,Aplicación: Programa que realiza una serie de funciones y con el cual trabajamos en el ordenador.
Applets,"Applets: Programas desarrollados con Java para mejorar la presentación de las páginas Web que realizan animaciones, juegos e interacción con el usuario."
Arbol,"Arbol: Estructura de directorios o carpetas de un ordenador, del directorio raíz van partiendo diferentes ramas (subdirectorios o subcarpetas), donde se ubican los archivos."
Arcade,Arcade: Programas de acción (videojuegos) donde las armas o la violencia juegan un papel importante.
Archivo,Archivo: Documento generado con una aplicación que se almacena en una unidad.
Arquitectura,Arquitectura: Término que se refiere al tipo de estructura hardware de la máquina y que también se aplica a la clasificación de los microprocesadores o el tipo de ranuras de expansión.
Arrastrar,"Arrastrar: Dícese del movimiento generado por una selección al hacer clic sobre ella y, sin soltar el botón del ratón, mover ésta hacia otro lugar."
ASCII ,ASCII (American Standard Code of Information Interchange): Estándar reconocido que engloba un número de caracteres útiles.
Asistente,Asistente: Herramienta que nos guía y ayuda a través de varios pasos a realizar una tarea para mayor comodidad y sencillez.
Athlon,Athlon: Nombre del último procesador de AMD que puede funcionar a velocidades que oscilan desde los 500 a 700 MHz
ATM ,"ATM (Asyncronous Transmision Mode): Sistema de transferencia de datos asíncrono que aprovecha al máximo la capacidad de una línea. Una de las tecnologías de red más punteras, pero también cara."
Audio-CD,Audio-CD: Calidad de sonido equivalente a la que proporciona un compact-disc y que corresponde a 44 KHz a 16 bits en estéreo.
Autocompletar,Autocompletar: Característica que funciona en distintas aplicaciones y que nos completa operaciones utilizadas frecuentemente.
Autoedición,"Autoedición: Programas para la edición y maquetación electrónica de documentos que se han impuesto a los tradicionales sistemas de preimpresión. Permiten crear y diseñar periódicos, revistas y todo tipo de publicaciones (QuarkXPress, PageMaker...)."
Autoexec.bat,"Autoexec.bat: Programa que carga automáticamente el sistema operativo al arrancar, el cual puede modificar el usuario para personalizar el ordenador al encenderlo."
Autopistas,"Autopistas: Redes de comunicación global, como Internet, que constituyen los nuevos canales de la información y de la cultura."
AVI,"AVI: Formato de vídeo digital por excelencia en el mundo PC, desarrollado por Microsoft."
Backbone,Backbone: La columna vertebral de la Red.
Backup,"Backup: Aplicación de copia de seguridad de ficheros, carpetas o unidades completas que permite dividir la información o ficheros en varios disquetes y que además la comprime."
Bajar,Bajar: Descargar o transferir a nuestro ordenador archivos de Internet.
Barra de canales,Barra de canales: Opción del Escritorio que proporciona una lista de los canales disponibles en su equipo.
Barra de direcciones,Barra de direcciones: Forma rectangular que aparece en la parte superior de las ventanas y la cual nos informa en todo momento de la Path (trayectoria) donde nos encontramos posicionados dentro de una unidad. En Internet es el lugar donde hay que teclear la dirección de la página Web a la que deseamos acceder para que el ordenador la cargue y la muestre en pantalla.
Barra de herramientas,Barra de herramientas: Conjunto de botones que representan las opciones de menú más comunes o las utilizadas con más frecuencia.
Barra de tareas,"Barra de tareas: Forma rectangular gris que aparece nada más cargar Windows 98 en la parte inferior del Escritorio y la cual se divide en zona de control, el botón Inicio, alguna barra de herramientas y la zona de carga de carpetas y aplicaciones."
Barra del explorador,Barra del explorador: Panel que se abre en la parte izquierda de las ventanas.
Base de datos,Base de datos: Sistema de almacenamiento de datos muy flexible que permite organizar la información de forma muy eficiente.
Batch,"Batch: Fichero de proceso por lotes, es un archivo que encadena comandos que son realizados por el PC cuando se le invoca."
Baudio,Baudio: Unidad de medida. Número de cambios de estado de una señal por segundo.
Beta,Beta: Versión anterior a la Alfa y que puede ser la versión definitiva que se comercializará en un determinado tiempo.
Binario,"Binario: Código básico de la informática que reduce todo tipo de información a cadenas de ceros y unos, que rigen las instrucciones y respuestas del microprocesador."
BIOS,BIOS: Información básica grabada en un chip imborrable que hace que un ordenador pueda funcionar y arrancar./font>
Bit ,Bit (binary digit): Unidad básica de información representada por ceros y unos que se van sucediendo para conformar los distintos significados.
BMP ,"BMP (Bitmap): Formato de fichero gráfico por excelencia de los ordenadores PC, inventado por Microsoft, que tiene mucha calidad y se lee rápidamente. En contra, no se puede comprimir de ninguna manera y, generalmente, no es reconocido por ningún ordenador que no sea PC."
Bookmark,"Bookmark: Marca, anotación de una dirección Web oURL que queda archivada para su posterior uso."
Botón Inicio,"Botón Inicio: Botón que se encuentra a la izquierda de la barra de tareas del escritorio y mediante el cual ejecutamos cualquier tarea (iniciar programas, abrir documentos, obtener ayuda, buscar archivos o carpetas, configurar el sistema o las impresoras..."
Botón secundario,Botón secundario: Botón derecho del ratón. Muestra un menú emergente o contextual.
Browser,Browser: Navegador para poder visualizar las páginas Web en Internet.
Buffer,Buffer: Memoria intermedia que se utiliza en distintos periféricos.
Bump mapping,Bump mapping: Técnica por la cual se consigue dotar a las texturas de un relieve simulado.
Bus,"Bus: Especie de carretera por donde circulan los datos dentro del ordenador comunicando a los diferentes componentes de la placa base, que dependiendo de su tamaño harán que un ordenador tenga mayores o menores prestaciones, así como una mayor o menor capacidad de transferencia del ordenador."
Buscador,"Buscador: Servidor de Internet que organiza los ficheros por grupos temáticos y que permite la localización de páginas Web mediante unas palabras clave que introduce el usuario, sin necesidad de conocer las direcciones de las citadas páginas."
Bus Serie Universal ,"Bus Serie Universal (USB): Estándar de hardware para la conexión de dispositivos externos, permite la instalación Plug and Play, de forma que puede agregar nuevos dispositivos al equipo sin tener que agregar ni tarjetas adaptadoras ni apagarlo."
Byte,"Byte: Medida básica de capacidad en informática. Comprende 8 bits o interruptores, cada uno de los cuales puede conmutar en dos posiciones ON y OFF."
Caché,Caché: Carpeta o memoria intermedia que almacena temporalmente los archivos del equipo.
CAD ,CAD (Computer Aided Design): Diseño asistido por ordenador-
CAM,CAM: Fabricación asistida por ordenador.
Canal,Canal: Lugar Web que entrega el contenido de Internet en el ordenador. Los canales copian automáticamente el contenido desde Internet al sistema cuando nos suscribimos a un sitio.
Cancelmoose,Cancelmoose: Persona que declara la guerra al spamming.
Carpeta,Carpeta: Contenedor que sirve para almacenar archivos u otras carpetas.
Caudal,Caudal: Cantidad de ocupación de un ancho de banda.
CD ,"CD (Compact Disc): Disco compacto óptico, de 12 cms. de diámetro, que se utiliza para almacenamiento binario."
CD-A,CD-A: Compact-disc de música.
CD-R,CD-R: Disco compacto sobre el que se puede escribir una sola vez.
CD-ROM,"CD-ROM: Disco compacto de sólo lectura, soporte de almacenamiento de datos de gran capacidad"
CD-RW,"CD-RW: Disco compacto regrabable, que se puede escribir, borrar y reescribir encima."
CD-Vídeo,"CD-Vídeo: Disco compacto que contiene imagen de vídeo, películas o clips musicales."
Celeron,Celeron: Versión de Pentium II de gama baja sin memoria caché externa.
CGI ,"CGI (Common Gateway Interfaces): Programa que reside y se ejecuta en el servidor y que envía su salida al navegador de Internet del usuario, como, por ejemplo, un formulario de envío."
Chat,Chat: Servicio de Internet basado en la comunicación en tiempo real y mediante teclado entre personas.
Chatear,Chatear:  Función que permite conversar en tiempo real y dentro de Internet entre personas situadas en distintos puntos del planeta mediante la utilización del teclado.
Cheat code,Cheat code: Trucos para pasar los distintos niveles o pantallas de los videojuegos.
Chip,Chip: Circuito integrado y encapsulado.
Chipset,Chipset: Conjunto de chips que complementan el rendimiento del procesador principal.
Chroma-key,Chroma-key: Método de composición de vídeo que consiste en filmar actores sobre un fondo de cierto color y luego sustituir ese color por otra imagen.
Ciberjuegos,Ciberjuegos: Juegos a los que se puede acceder por Internet y que pueden ser compartidos por los cibernautas.
Cibernauta,Cibernauta: Internauta o navegante virtual que accede a cualquier tipo de información disponible en la World Wide Web.
Cibernética,Cibernética: Ciencia que estudia el diseño de máquinas automáticas o robots con objeto de dotarles de inteligencia humana.
Ciberocupas,"Ciberocupas: Personas que registran el dominio (dirección de una página Web) de un producto o del nombre de una empresa ajena, antes de que la propia interesada lo haga, para después pedir a cambio una cantidad de dinero al dueño legítimo."
CISC ,CISC (Complex Instruction Set Computer): Procesador u ordenador cuyo juego de instrucciones es complejo o amplio.
Clic,Clic: Pulsar un botón del ratón.
Cliente,Cliente: Equipo que se conecta a otro equipo llamado servidor.
Coma flotante,Coma flotante: Cálculo que realiza el procesador de operaciones con decimales.
Comando,Comando: Orden que se da al ordenador para ejecutar una función concreta o un programa.
Compresor,"Compresor: Programa que comprime ficheros, por muy grandes que éstos sean, genera un solo archivo con ellos, además de dividir la nformación y permitir guardarla en varios disketes."
Concept PC,Concept PC: Concepto que engloba la iniciativa Easy PC y las guías de implementación.
Controlador ,Controlador (driver): Pequeño programa que sirve para reconocer y controlar un dispositivo de hardware específico.
Controles,"Controles: En Windows, dícese de los mecanismos que se encuentran en las ventanas, mediante los cuales ejercemos las órdenes oportunas a ejecutar. "
Cookies,Cookies: Mecanismos que permiten a los gestores de cada página web grabar las entradas y salidas de los usuarios que acceden a su servidor. Es como si dejáramos nuestra tarjeta de visita.
Correo electrónico,"Correo electrónico: Mensajes, documentos, archivos que se envían personas a través de Internet o de una red."
Cortafuegos ,Cortafuegos (firewall): Programa que protege a una red de otra red.
CPU ,"CPU (Unidad Central de Proceso): Carcasa donde van montados los principales componentes del ordenador. Puede ser de sobremesa, minitorre, semitorre y torre."
Crack,Crack: Modifica o salta la protección de la copia de una aplicación.
Cracker,Cracker: El que comete delitos informáticos con afán de lucro.
Cuadro de diálogo,Cuadro de diálogo: Ventana mediante la que debemos proporcionar información a una aplicación.
Cursor,Cursor: Señalizador que se controla mediante el ratón o teclado y mediante el cual nos movemos por Windows y las aplicaciones.
Cyrix,Cyrix: Fabricante de procesadores con chips M-II.
DAC,"DAC: Circuito que decodifica las señales digitales y las convierte en analógicas, es decir, las reproduce."
Descargar,Descargar: Copiar archivos de un equipo a otro mediante un módem o una conexión de red.
Desfragmentación,"Desfragmentación: Proceso que consiste en escribir en clúster o pistas contiguas en una unidad la información existente en éstos, ya que se han podido fragmentar (estar desperdigadas en distintas áreas del soporte donde se guardó). La fragmentación ralentiza la velocidad del disco y hace sufrir a la aguja."
D-i,"D-i: Disco compacto interactivo, formato alternativo al CD-ROM para almacenar películas y aplicaciones multimedia."
Digital8,Digital8: Soporte creado por Sony en el cual se graba digitalmente en formato DV sobre cintas Hi8.
Digitalizar,"Digitalizar: Convertir al lenguaje del ordenador (en bits) cualquier tipo de información gráfica, de audio o vídeo."
Dirección IP,Dirección IP: Cadena numérica que identifica a una máquina en una red IP.
Dirección,Dirección: Ubicación de un archivo.
Direct3D,Direct3D: Funciones gráficas de Microsoft que dan soporte a las tarjetas aceleradoras.
Directorio,"Directorio: Carpeta que contiene ficheros de programa, documentos, archivos o subdirectorios o subcarpetas para mantener ordenada la información del disco duro."
Disco óptico,Disco óptico: Disco que usa la tecnología láser para el registro y lectura de la información.
DNS,DNS: Sistema de Nombres por Dominio utilizado en Internet y basado en una estructura jerárquica y mediante el cual comunicamos con otro ordenador que puede encontrarse en otra parte del mundo.
Doble clic,Doble clic: Pulsar dos veces seguidas rápidamente el botón izquierdo del ratón. Si hacemos doble clic sobre una carpeta abrimos ésta mostrándonos su contenido en una ventana. Si el doble clic es sobre un acceso directo se ejecuta el programa que representa éste.
Documento,Documento: Archivo creado con una aplicación.
Dolby Digital ,"Dolby Digital (AC3): Nuevo formato de Dolby Sorround basado en cinco canales de audio, empleado en cine y en DVD."
Dominio,Dominio: Grupo de equipos conectados en red que comparten información y recursos.
Dominio público,Dominio público: Aquellos programas de libre uso y que no suponen desembolso alguno para el usuario.
Download,Download: Bajarse un fichero de un servidor de Internet.
DRAM,"DRAM: Tipo de memoria RAM dinámica, la más utilizada actualmente."
Driver,Driver: Programa que gestiona los periféricos que se conectan al ordenador.
Dúplex,Dúplex: Capacidad de un dispositivo para operar de dos maneras.
DSP,DSP: Procesador de sonido incluido en algunas tarjetas de audio para proporcionar funcionalidades avanzadas.
DVB ,"DVB (Digital Video Broadcast-Vídeo Digital para Emisión): Formato de vídeo digital que cumple los requisitos para ser considerado broadcast, es decir, con calidad para ser emitido en cualquier sistema de televisión existente."
DVD ,DVD (Disco Versátil Digital): Disco compacto de alta capacidad de almacenamiento. Soporte digital de hasta 8 pistas de audio que permite almacenar películas de larga duración.
Easy PC,"Easy PC: Iniciativa liderada por Intel y Microsoft para desarrollar equipos fáciles de instalar, de mantener y usar."
Ejecución dinámica,Ejecución dinámica: Tecnología que permite al microprocesador adelantarse a las instrucciones de los componentes del sistema y ejecutarlas con mayor rapidez.
Ejecutable,Ejecutable: Dícese del archivo que puede poner en marcha un programa.
e-mail,e-mail: Nombre inglés que designa el correo electrónico.
Emulación,"Emulación: Cualidad que permite a algunas máquinas funcionar como otras, de forma que se produce la compatibilidad entre ellas."
Encriptar,"Encriptar:   Mezclar los datos para protegerlos como medida de seguridad, es decir, convertir texto normal a texto cifrado, que es ininteligible hasta que no se desencripta."
Enlace,"Enlace: Conexión de un documento de Internet con otro que figura resaltado de manera especial, también llamado Hipervínculo o Hiperenlace."
Escalabilidad,Escalabilidad: Capacidad de ampliación de los ordenadores.
Escáner,Escáner: Dispositivo para captar de manera óptica imágenes o textos.
Escritorio,"Escritorio: Pantalla inicial o espacio de trabajo que aparece al cargar Windows 98, sobre el cual vamos a realizar todo nuestro trabajo."
Explorador ,Explorador (Navegador): Aplicación mediante la cual podemos visualizar páginas Web de Internet (en inglés browser). Los más conocidos son Internet Explorer y Netscape Navigator.
Explorador de Windows,"Explorador de Windows: Utilidad para ver el contenido de nuestro equipo, unidades de red y que está basado en una estructura jerárquica."
Explorar,Explorar: Recorrer el contenido del ordenador o de Internet.
Exportar,Exportar: Recibir o traer a un programa ficheros creados en una aplicación distinta.
Extensión ,"Extensión (también llamada Tipo): Podríamos denominarlo como el apellido de un fichero, el cual aparece tras el nombre de un archivo, después del punto y que consta de 1 a 3 letras y su cometido es definir qué programa ha generado el archivo."
Extranet,Extranet: Red basada en Internet de una compañía  en la que comparte información y comunicación con agentes externos.
FAQs,FAQs: Respuestas a las pregundas más frecuentes.
FAT,FAT: Método utilizado por los sistemas operativos para hacer un seguimiento de dónde están almacenados los archivos en un disco duro.
Favoritos,Favoritos: Carpeta donde guardamos los vínculos o direcciones de las páginas que nos gustan de Internet.
FIF ,FIF (Fractal Image Format): Formato de fichero gráfico que ahorra espacio y conserva la máxima calidad.
Fingering,"Fingering: Medio de reunir información sobre un usuario de la red a partir de su nombre, dirección de correo, etc."
Firewall,Firewall: Dispositivos de seguridad a entradas no autorizadas.
FireWire,"FireWire: Conocido como cable de fuego o IEEE 1394, es la vía de conexión de periféricos de alta velocidad para vídeo, almacenamiento o backup."
FlexATX,FlexATX: Nuevo modelo de placa base más compacta y avanzada que las ATX.
Formatear,"Formatear: Acción de dar formato o estructura a un disco o disquete en forma de sectores, pistas y clúster. Esta acción borra la información que contuviese el disco."
fps,fps: Abreviatura de fotogramas por segundo (o frames per second).
Frames ,"Frames (marcos): Areas rectangulares que subdividen las ventanas de algunas páginas Web, cada una de las cuales contiene un documento de hipertexto independiente de los demás."
Freeware,Freeware: De libre distribución para el usuario y no utilizable con fines comerciales.
FTP ,FTP (Protocolo de Transferencia de Ficheros): Transferir ficheros entre ordenadores en Internet.
Fuentes,Fuentes: Son los distintos tipos de letras a los que se les conoce generalmente por el nombre de su inventor.
Full duplex,Full duplex: Protocolo de transmisión que permite enviar y recibir al mismo tiempo.
Gateway ,Gateway (Puerta de acceso): Dispositivo que permite conectar entre sí dos redes normalmente de distinto protocolo o bien un servidor a una red.
GIF ,"GIF (Graphic Interchange Format): Formato de fichero gráfico muy utilizado en Internet, ya que ocupa muy poco espacio y, con un programa especial, podemos ensamblar varias imágenes y crear un fichero animado. En contraposición, tiene una capacidad de 256 colores máximo."
GIF animado,"GIF animado: Sucesión de imágenes estáticas ensambladas en un fichero que, al visualizarse, dan un efecto de imagen en movimiento."
Gigabyte ,Gigabyte (GB): Medida de 1.000 Mb (unos 1.000 millones de caracteres).
G-Lite,"G-Lite: Versión recortada del protocolo de comunicación ADSL, recién aprobada por la Organización de Estándares de Comunicación, la ITU. Está especialmente pensado para aplicar esta tecnología al mercado doméstico, pues simplifica el proceso de instalación de una línea ADSL, al poder ser instalada por el propio usuario, sin necesidad de la presencia de un técnico, dadas las propiedades plug-and-play."
Gopher,"Gopher: Servicio de información sobre los recursos de Internet organizado en miles de servidores interconectados entre sí. Cada servidor organiza una parcela de información, pero la creación de referencias cruzadas entre ellos permite que funcionen como una sola entidad. La información se presenta clasificada por tipos y accesible mediante menús jerárquicos."
Grabar,Grabar: Acción y efecto de almacenar un archivo en un soporte de almacenamiento.
Grupos de trabajo,Grupos de trabajo: Conjunto de equipos conectados en red y que comparten los mismos recursos.
Hacker,Hacker: Informáticos que utilizan sus grandes conocimientos para traspasar cualquier barrera informática.
Hardware,Hardware: Partes duras de un ordenador o componentes de éste.
Heurística,Heurística: Tipos de búsqueda inteligente que utilizan los antivirus para detectar los cambios de forma de los virus.
Hi8,Hi8: Estándar de grabación creado para videocámaras analógicas.
Hibernación,"Hibernación: Uno de los cinco estados de energía del nuevo PC por el cual el ordenador, aparentemente apagado, retorna al mismo punto donde se interrumpió."
Hicolor,"Hicolor: Modo en el que se emplean 16 bits para mostrar cada color, lo que produce 65.536 colores distintos."
Hipertexto o Hiperenlace,Hipertexto o Hiperenlace: Documento que contiene texto o imágenes que actúan como enlaces con otros textos o páginas cuando se pulsa sobre ellos.
Hipervínculo,Hipervínculo: Marca que nos permite el salto a otro lugar del documento o a otra ubicación que se puede encontrar en cualquier parte del mundo.
Hoax ,"Hoax (falsos virus): Mensajes que se propagan por Internet en forma de e-mail y que hacen alusión a determinados virus, los cuales recomiendan difundir las advertencias de éstos a múltiples usuarios para provocar una cadena de miles de mensajes."
Hoja de cálculo,"Hoja de cálculo: Aplicación en forma tabular, compuesta por columnas, filas y celdas que permiten realizar cálculos complejos, trabajar con fórmulas, funciones, analizar datos, dar formato y hacer complicados gráficos procedentes de los datos introducidos."
Home Page,Home Page: Página primaria o introductoria a Internet. También llamada página de inicio.
Host,"Host: Anfitrión, es cualquier ordenador que tiene un número IP y que puede tanto enviar como recibir información por una red."
Hot Line,"Hot Line: Servicio telefónico, generalmente gratuito, que ofrecen las empresas de informática a los usuarios."
HTML ,HTML (Lenguaje de Marcas de Hipertexto): Lenguaje utilizado para crear páginas Web.
HTTP,HTTP: Protocolo de Transferencia de Hipertexto o entorno gráfico de las páginas Web.
Hz,"Hz: Hertzio, unidad de medida de refresco o redibujado en pantalla."
Icono,"Icono: Imagen que representa un archivo, una unidad, una carpeta u otro elemento."
i.Link,i.Link: Copyright de Sony equivalente a la conexión FireWire o IEEE 1394.
Implementar,Implementar: Implantar o instalar un sistema o diseño informático o incorporar una tecnología novedosa.
Importar,Importar: Transferir o enviar ficheros a otro programa distinto del que los generó.
Imprimir,"Imprimir: Acción de plasmar en papel la información obtenida en pantalla (texto, gráficos, imágenes, etc.)"
Iniciar sesión,Iniciar sesión: Identificarse y obtener acceso a un equipo mediante nombre de usuario y contraseña.
Interfaz,Interfaz: Aspecto que presentan los programas tras su ejecución mediante el cual ejercemos la comunicación con éstos
Internet,"Internet: Red de redes mundial. Telaraña o entramado mundial. También llamada World Wide Web (WWW), conjunto de redes que permiten la comunicación de millones de usuarios de todo el mundo.."
Intranet,Intranet: Red privada dentro de una organización que utiliza los protocolos propios de Internet.
Intro ,Intro (Enter o Retorno de carro): Tecla que al pulsarla confirma o ejecuta una orden. En tratamientos de textos sirve para generar párrafos.
IP,IP: Dirección numérica y única de cada ordenador en Internet.
IPW,IPW: Sistema de escritura incremental para la grabación de discos CD-R.
IRC ,IRC (Internet Relay Chat): Servicio de Internet basado en la comunicación en tiempo real y mediante teclado entre personas.
IRQ,"IRQ: Cada una de las líneas de interrupción del ordenador, mensaje con el que el periférico avisa a éste que ha terminado la tarea que estaba realizando y le indica que está listo para recibir nuevas instrucciones."
Java,"Java: Lenguaje de programación creado por Sun Microsystem para proporcionar más velocidad y facilidad de uso a Internet, es independiente de la plataforma utilizada y está disponible para cualquier navegador de la WWW que admita este lenguaje.."
Joystick,"Joystick: Periférico en forma de palanca y con botones incorporados, diseñado especialmente para disfrutar de los videojuegos."
JPEG ,"JPEG (Joined Graphics Expert Group): Es el formato de fichero gráfico más utilizado y difundido en Internet, ya que es un formato que alcanza un gran nivel de compresión (reduce las imágenes a la décima parte o más), pero a costa de una enorme pérdida de calidad al utilizar un método de compresión destructiva que estropea mucho los detalles, por lo que si modificamos el fichero dos o tres veces queda inservible."
Jumper,Jumper: Enlace o puente que se activa dentro de una placa base o tarjeta mediante una palanca diminuta.
Kernel,"Kernel: Núcleo básico del sistema operativo, a partir del cual se establecen las distintas capas para su integración con el hardware, para la entrada y salida de datos, etc."
KHz,KHz: Medida para determinar la cantidad de muestras por segundo que se tiene de un sonido y su calidad. Un KiloHertzio equivale a 1.000 Hertzios (o muestras)
Kilobyte (Kb),"Kilobyte (Kb): Medida que equivale a 1.000 bytes, aproximadamente mil caracteres."
LAN ,LAN (Red de Area Local): Grupo de equipos conectados en la misma ubicación.
Láser,"Láser: Sistema basado en la emisión de un haz de luz muy preciso y potente, con diversas aplicaciones: lectores y grabadoras de CD-ROM, impresoras láser, sistemas de almacenamiento óptico, dispositivos de control, etc."
LBA,LBA: Modo especial de direccionamiento del disco duro con el que se puede acceder a particiones de más de 528 Mbytes.
LCD ,LCD (Liquid Cristal Display): Pantallas de cristal líquido que generalmente utilizan los ordenadores portátiles.
Lectura sin conexión ,Lectura sin conexión (conexión Off Line): Proceso para poder ver páginas Web sin estar conectado a Internet. Se cargan al disco duro y se puede tener acceso a ellas más tarde.
Librería,Librería: Conjunto de módulos de programación o elementos que se utilizan para desarrollar y diseñar aplicaciones.
Link,"Link: Cada uno de los enlaces de un módulo con las librerías que utiliza. En Internet, conexión de un documento con otro mediante un clic sobre un texto marcado o un icono o imagen."
Lugar,Lugar: Conjunto de páginas Web creadas por una persona u organización.
Macro,Macro: Conjunto de instrucciones para automarizar tareas rutinarias.
Maestro,Maestro: Disco que funciona como principal en aquellos ordenadores que utilizan más de un disco duro (los restantes se les denomina esclavos).
Magnetoscopio,Magnetoscopio: Reproductor y grabador de vídeo casero.
Mainframe,Mainframe:   Nombre con que se designan a los grandes ordenadores que funcionan en sistemas centralizados.
Mapa de bits,Mapa de bits: Tipo de archivo gráfico (compuesto por puntos) de imágenes para PC.
Marcador,"Marcador: Ubicación o marca en una página, a la que podemos acceder rápidamente mediante un vínculo."
Marcos ,"Marcos (frames): Areas rectangulares que subdividen las ventanas de algunas páginas Web, cada una de las cuales contiene un documento de hipertexto independiente de los demás."
Máscara,"Máscara: En los programas de dibujo, fijación de una zona de la imagen para trabajar sobre ella y para que sus modificaciones no alteren el resto del dibujo."
Matricial,"Matricial: Tecnología de impresión que utiliza un sistema mecánico de impacto sobre una cinta con tinta, con un proceso similar al de las máquinas de escribir."
Maximizar,"Maximizar: Dícese de la acción llevada a cabo, mediante la pulsación sobre el botón del mismo nombre en una ventana, la cual hace que ésta llene toda la pantalla del monitor."
Mbone,Mbone: Tecnología que permite aprovechar mejor el audio y vídeo a través de Internet.
Megabyte ,"Megabyte (Mb): Medida que equivale a 1.000 Kb, aproximadamente un millón de caracteres."
Megahertzio ,Megahertzio (MHz): Un millón de hertzios. Unidad de frecuencia con que se mide la velocidad de los microprocesadores.
Memoria virtual,"Memoria virtual: Archivo del disco duro (conocido como fichero de intercambio) que el sistema operativo utiliza como si de memoria RAM se tratase, aunque bastante más lenta."
Mendocino,"Mendocino: Nombre clave de Celeron, pero con memoria caché externa, algo más rápida."
Menú,Menú: Lista de comandos que aparece en la parte superior de las ventanas representadas por un nombre con una letra subrayada y que sirve para dar instrucciones a los programas o para comunicarnos con ellos por medio de éstos.
Menú contextual o emergente,Menú contextual o emergente: Lista de comandos que aparece al hacer clic con el botón derecho del ratón sobre un objeto.
Microprocesador,"Microprocesador: Unidad de proceso y corazón del ordenador. Podríamos decir que es el jefe del ordenador, el cual procesa y distribuye el trabajo a los demás componentes del ordenador"
MIDI,MIDI: Formato estándar para almacenar la música generada por instrumentos eléctricos.
MiniDV,MiniDV: Soporte estándar para grabaciones DV en videocámaras digitales.
Minimizar,"Minimizar: Dícese de la acción llevada a cabo, mediante la pulsación sobre el botón del mismo nombre en una ventana, la cual hace que ésta se esconda en la barra de tareas y deje el espacio del escritorio listo para otro uso."
Mi PC,"Mi PC: Característica que se utiliza para administrar los archivos almacenados en nuestro equipo o en unidades de red, en él se encuentran las unidades disponibles y los paneles de control."
Mirroring,"Mirroring: Duplicar los datos de un disco a otro, de las páginas de Internet o de un back-up."
MMX,"MMX: Especificaciones multimedia, compuestas de varias instrucciones, de algunos procesadores Pentium."
MO,MO: Disco magneto-óptico.
"MOD, S3M, XM, IT","MOD, S3M, XM, IT: Formatos de ficheros de canciones basadas en instrumentos y sonidos propios, distintos del estándar MIDI."
Módem ,Módem (modulador/demodulador): Dispositivo que transmite datos desde un equipo a otro a través de la línea telefónica.
MS-DOS ,"MS-DOS (Microsoft Disk Operating System): Sistema operativo que nació con el PC, creado por Microsoft, y que contribuyó a la expansión de la informática en el ámbito doméstico."
MOV,"MOV: Formato de vídeo digital desarrollado por Apple, con más calidad que el formato AVI."
MP3,MP3: Fichero de sonido comprimido y que sólo se puede escuchar en un PC y mediante un programa especial.
MPEG-1,MPEG-1: Sistema de compresión de vídeo digital mediante el cual es posible almacenar vídeos de hasta 352x288 en muy poco espacio de disco.
MPEG-2,"MPEG-2: Sistema de descompresión de imágenes que utiliza la tecnología DVD, superior en tamaño y en calidad al MPEG-1.."
Multicasting,"Multicasting: Técnica de transmisión de datos a través de Internet, en la que se envían paquetes desde un punto a varios destinatarios simultáneamente."
Multimedia,"Multimedia: Cualquier combinación de texto, imágenes, sonido y vídeo."
Multiprocesador,Multiprocesador: Ordenadores que contienen dos o más procesadores y que tratan una fuente de datos común.
Multitarea,Multitarea: Dícese de aquellos sistemas operativos que pueden ejecutar varias tareas al mismo tiempo.
Navegador,Navegador: Programa utilizado para acceder a los documentos almacenados en Internet.
Navegar,Navegar: Recorrer el contenido de Internet.
Neo-luditas,Neo-luditas: Quienes por razones morales o intelectuales se oponen a las nuevas tecnologías.
Newsgroups ,"Newsgroups (grupos de noticias): Servicio denominado simplemente noticias o news, son grupos de personas que tienen intereses comunes en un determinado tema y que se intercambian mensajes entre sí, opinan, discuten, debaten, exponen o, simplemente, hacen amigos."
NFR,NFR: Versiones para su no-venta.
No-virus,"No-virus: Ficheros (demos, bromas---) que no son virus, pero que el antivirus los detecta como tales."
NTSC,"NTSC: Formato de TV estándar en EE. UU. y Japón, con una resolución de 768x486 a 30 fps."
OCR ,OCR (Reconocimiento Óptico de Caracteres): Software que permite reconocer los caracteres y convertirlos a texto informático.
OEM,OEM: Versiones para fabricantes de hardware.
Off-line,Off-line: Proceso para poder ver páginas Web sin estar conectado a Internet. Se cargan al disco duro y se puede tener acceso a ellas más tarde.
Ofimática,Ofimática: Dícese de la informática y la tecnología aplicada a la oficina.
On-line ,On-line (en línea): Conexiones a la red donde las respuestas del sistema se generan de forma casi inmediata.
OnNow,"OnNow: Sistema de administración de energía del ordenador que ayuda a ahorrar ésta, a prevenir el desgaste de la unidad y reducir el ruido."
OpenGL,OpenGL: Librería de funciones gráficas avanzadas desarrollada por Silicon Graphics.
Overcloking,Overcloking: Operación consistente en forzar al procesador a trabajar a una velocidad superior a la original.
Overlay,Overlay: Capa especial que permite al PC disfrutar de vídeo en tiempo real.
Página principal ,Página principal (Home Page): Página primaria o introductoria a Internet. También llamada página de inicio.
Página Web,Página Web: Documento realizado en HTML y que es parte de un sitio Web.
PAL,"PAL: Formato de TV estándar en Europa, con una resolución de 768x576 a 25 fps."
Panel de control,Panel de control: Grupo de herramientas que se utilizan para cambiar la configuración de nuestro equipo.
Papel tapiz,Papel tapiz: Fondo del escritorio o imagen para cambiar éste.
Partición,Partición: Subdivisión que se realiza en el disco duro con el fin de obtener un mayor aprovechamiento de éste.
Password,Password: Clave secreta personal.
PCI,PCI: Bus local de 32 bits cuyas ranuras conectan tarjetas que requieren transferencias rápidas.
Perfil,Perfil: Conjunto de parámetros de Windows 98 para un determinado usuario.
Photo-CD,Photo-CD: Disco compacto en el que se encuentran grabadas fotografías en formato digital.
Phreaker,Phreaker: El que utiliza la línea telefónica de forma ilegal.
Pirata,Pirata: El que copia software ilegalmente y lo comercializa sin ningún tipo de licencia.
Pixel,Pixel: Unidad de medida correspondiente al mínimo punto que se puede representar en pantalla.
Plug-ins,Plug-ins: Aplicaciones que permiten interpretar y visualizar distintos tipos de ficheros que contienen elementos multimedia y que funcionan sincronizadamente con el navegador.
Plug & Play,Plug & Play: Tecnología que nos permite añadir un periférico o hardware al ordenador y reconocerlo inmediatamente para trabajar (conectar y listo).
Plug & Play en caliente,"Plug & Play en caliente: Conectar un periférico y listo, sin necesidad de reiniciar el ordenador."
PNG ,"PNG (Portable Network Graphics): Especificación diseñada para una mejor carga y calidad de los gráficos en Internet, cuya característica principal es que no reduce el número de colores de una imagen, lo que evita pérdida de calidad."
Portales,"Portales: Páginas que se utilizan como punto de partida y que se estructuran por contenidos, índices y temas, además de ser potentes bases de datos o buscadores de información por Internet, es decir, localizadores de otras páginas de las cuales no conocemos su dirección, pero que las encontramos al teclear en éstos unas palabras clave."
Predeterminado,Predeterminado: Opción predefinida por defecto.
Procesador de texto,Procesador de texto: Programa diseñado para escribir y tratar textos.
Programa,Programa: Grupo de instrucciones que sirven para realizar determinadas tareas. También llamadas aplicaciones.
Programa residente,Programa residente: Programa que permanece vivo en la memoria RAM del sistema y se activa para interceptar un virus entrante.
Protocolo,Protocolo: Conjunto de normas que los equipos utilizan para comunicarse entre sí a través de una red y poder hablar el mismo idioma.
Proveedor de contenidos,"Proveedor de contenidos: Empresa que utiliza Internet para proporcionarle información como noticias, partes meteorológicos, informes, entretenimiento..."
Proveedor de Servicios Internet ,Proveedor de Servicios Internet (ISP): Organización que proporciona acceso a Internet mediante una tarifa y que nos ofrece una serie de servicios.
Proxy,Proxy: Servidor que realiza la conexión a Internet y que sirve de puerta de entrada a los ordenadores cliente.
Puerto paralelo,"Puerto paralelo: Conector del ordenador que sirve para comunicarse con otros periféricos, como la impresora."
Puntero,Puntero: Flecha que aparece por la pantalla y que se controla mediante el movimiento del ratón para poder realizar multitud de operaciones.
Q-Sound,Q-Sound: Sistema de sonido basado en simular el posicionamiento del sonido en un ámbito de 180 grados con sólo dos altavoces.
QuarkXPress,"QuarkXPress: El mejor programa de autoedición, diseño y maquetación existente en el mercado, con el que trabajan prácticamente el cien por cien de los diarios y revistas mundiales."
QuickTime,QuickTime: Tecnología de reproducción de ficheros de vídeo desarrollada por Apple.
Quote,Quote: Término que designa a los fragmentos de texto o anotaciones del correo electrónico que sirven de recordatorio al destinatario cuando se le responde un mensaje.
RAM ,RAM (Random Access Memory): Memoria de Acceso Aleatorio que mantiene vivos los datos hasta que se desconecta el ordenador.
RAMDAC,RAMDAC: Componente que convierte la información digital en impulsos analógicos que se envían al monitor.
Ratón ,"Ratón (mouse): Periférico de señalización, posicionamiento y movimiento mediante el cual nos movemos por los distintos programas informáticos."
RDSI,RDSI: Red Digital de Servicios Integrados. Permite tener dos canales a la vez y velocidades de transmisión de hasta 128K por segundo.
Red,Red: Dos o más equipos conectados entre sí.
Red de Area Local ,Red de Area Local (LAN): Grupo de equipos conectados en un mismo lugar.
Remarcado,"Remarcado: Procesador ""forzado"" a trabajar a una frecuencia mayor que la que admite."
Render,Render: Representación de los gráficos 3D en pantalla.
Resetear,"Resetear: Apagar el ordenador ""in extremis"" cuando el sistema se queda colgado, también se le llama Reinicializar el ordenador (descargar el sistema operativo para volverlo a recargar)."
Resolución,Resolución: Número máximo de puntos que se pueden visualizar simultáneamente en pantalla.
Restaurar,Restaurar: Devolver una ventana a su tamaño anterior.
Restore,Restore: Función complementaria del backup (copia de seguridad) que sirve para restaurar o recuperar los ficheros que previamente fueron guardados en copias de seguridad.
Retorno ,"Retorno (Enter - Intro): Tecla fundamental del teclado, ya que sirve para realizar funciones básicas de un ordenador, como pueden ser la ejecución de comandos, puesta en marcha de programas, confirmaciones de opciones de menú, abrir párrafos en documentos, etc. (También llamado Enter o Intro)."
RISC ,RISC (Reduced Instruction Set Computer): Tipo de procesador que incorpora un juego de instrucciones reducido.
Robótica,"Robótica: Ciencia que se dedica al diseño y creación de robots o máquinas que realizan actividades peligrosas, pesadas o repetitivas."
ROM ,ROM (Read Only Memory): Memoria de sólo lectura. Controla las rutinas fundamentales para el funcionamiento de un ordenador y que no pueden ser borradas por el usuario ni aunque se desconecte la máquina.
Routers,Routers: Dispositivos de red cuya misión principal es encaminar los paquetes de información que reciben en la dirección adecuada para que alcancen su destino.
Ruta de acceso ,"Ruta de acceso (Path - Camino o Trayectoria): Forma para llegar hasta un lugar o una ubicación determinada, partiendo de una unidad específica, por carpetas y nombre de archivo."
Rutina,Rutina: Conjunto de instrucciones que realizan una función muy concreta dentro de un programa o en un dispositivo hardware.
Saltar,Saltar: Ir de una página Web a otra.
Scripts,Scripts: Conjunto de instrucciones que se ejecutan como una macro.
Scroll,Scroll: Barras de desplazamiento horizontal o vertical para movernos por un documento o ventana.
SCSI ,"SCSI (Small Computer System Interface): Interfaz de hardware para la instalación en el ordenador de periféricos como escáneres, módems, discos duros, que requieren de una transmisión rápida y continuada."
Señalar,Señalar: Apuntar con el cursor a un icono mediante el ratón.
Servicio en línea,"Servicio en línea:  Servicio Internet que proporciona una amplia gama de contenido a sus suscriptores, incluyendo el acceso a Internet."
Servidor,Servidor: Equipo que controla el acceso de los usuarios a una red y les da servicio e información.
Shareware,Shareware: Software con un período de evaluación.
Síntesis WaveTable,"Síntesis WaveTable: También conocida como tabla de ondas, es un sistema para reproducir música MIDI basado en almacenar en memoria muestras de instrumentos reales."
Sistema,Sistema: Conjunto formado por el hardware y software que componen la parte esencial del ordenador.
Sistema de archivos,"Sistema de archivos: Estructura general en la que asigna nombres, almacena y organiza los archivos el sistema operativo."
Sistema operativo,Sistema operativo: Programa primario que debe tener un ordenador para que las demás aplicaciones puedan funcionar.
Site,Site: Conjunto de páginas Web creadas por una persona u organización.
Sitio Web,Sitio Web: Grupo de páginas Web relacionadas entre sí.
Slot,"Slot: Ranura de expansión, cada abertura que tiene la placa base en las que se insertan las tarjetas de expansión y que contribuyen a mejorar el rendimiento y las prestaciones de un ordenador."
S!MT!!OE!!!,S!MT!!OE!!!: Significa que el usuario ha perdido el control.
Software,Software: Partes blandas de un ordenador o soportes donde se almacenarán los datos generados con éste.
Spamming,Spamming: Bombardeo de los buzones con correo basura o no deseado por parte de los spammer.
Streamer,Streamer: Unidad de back-up normalmente basada en cinta.
Suite,"Suite: Grupo de programas que cubren las principales aplicaciones de oficina, como el procesador de textos, la hoja de cálculo, la base de datos, la agenda personal o el programa de gráficos y presentaciones, el cual se vende en un único paquete. Antiguamente se les conocía como paquetes integrados."
Surround,Surround: Efecto de sonido envolvente que sitúa el sonido alrededor del espectador y no frente a él.
Suscribirse,Suscribirse: Comprobar si una página Web tiene nuevo contenido.
S-Vídeo,S-Vídeo: Formato de vídeo por el cual las imágenes se transmiten con su información de color (crominancia) y de iluminación (luminancia) separadas.
Tabla de asignación de archivos ,Tabla de asignación de archivos (FAT): Método utilizado por los sistemas operativos para hacer un seguimiento de dónde están almacenados los archivos en un disco duro.
Tarjeta de red,Tarjeta de red: Hardware que se inserta en un equipo para conectarlo a una red.
TCP/IP,TCP/IP: Protocolo de Internet (Protocolo de Control de Transmisión/Protocolo Internet) que especifica cómo se transmiten los datos en Internet para que todos los sistemas hablen el mismo idioma en Internet.
Telemática,"Telemática: Ciencia que estudia los métodos, técnicas y servicios de la fusión entre las telecomunicaciones y la informática."
Telnet,Telnet: Servicio que permite la conexión remota con cualquier ordenador de la red situado en cualquier parte del mundo como si de una terminal más se tratase.
Terabyte,"Terabyte: Unidad de almacenamiento futura, equivalente a más de un trillón de bytes."
Terminal,Terminal: Dispositivo que forma parte de una red controlada por una unidad central remota.
Texel,"Texel: Equivalente al pixel, pero dotado además de un color perteneciente a una textura."
TFT,TFT: Tecnología de pantalla de matriz activa que se utiliza en los equipos portátiles.
TGA ,"TGA (Targa): Formato de fichero gráfico profesional que graba imágenes con profundidades hasta 32 bits. Desfavorablemente, ocupa mucho espacio en disco y no guarda ciertos detalles, como la resolución de impresión."
THX,THX: Sistema de sonido surround creado por LucasFilm para recrear audio espectacular en cine y en casa.
TIFF,"TIFF: Formato de fichero gráfico creado por Adobe Systems con una gran calidad de imagen. Está considerado como la piedra filosofal de los gráficos por ordenador, ya que todo lo que se graba en este formato queda perfectamente conservado de por vida, manteniendo todos los detalles. Lo único en su contra es que ocupa bastante espacio en disco."
Token Ring,"Token Ring: Protocolo para redes de IBM que consiste en un anillo donde una especie de relevo se encarga de ""pasar turno"" entre las máquinas que desean transmitir la información."
Tóner,"Tóner: Depósito de tinta que utilizan las impresoras láser, fax y fotocopiadoras para imprimir."
TPV ,TPV (Terminal Punto de Venta): Híbrido de ordenador y cajero automático que se encuentra en muchos establecimientos comerciales y que funciona como un terminal de pago conectado al ordenador central.
Tracert,Tracert: Comando que analiza y registra el camino que ha seguido cualquier información enviada por la Red.
Track,"Track: Pista de un dispositivo de almacenamiento, como un disco duro o cinta magnética."
Trackball,Trackball: Especie de ratón que dirige el cursor mediante el movimiento de una bolita situada en la parte superior y que se mueve con la mano.
Trial,Trial: Paquete de prueba que los fabricantes ceden a sus clientes durante un corto período de prueba.
Truecolor,"Truecolor: Modo de 32 bits para mostrar cada color, traducido en más de 16 millones de colores."
Unidad,"Unidad: Dispositivo físico de almacenamiento de los datos. Por lo general se les nombra mediante una etiqueta o nombre (A:, C:, D:)."
Unidad Central de Proceso ,Unidad Central de Proceso (CPU): Carcasa donde van montados los principales componentes del ordenador. 
Unidad de disco,"Unidad de disco: Hardware en el que se pueden almacenar datos, normalmente el disquete A:"
UNIX,UNIX: Sistema operativo de 32 bits empleado principalmente en entornos científicos e industriales. Permite el trabajo de muchos usuarios y utiliza el sistema multitarea.
Upload,Upload: Subir un fichero a un servidor de Internet.
UPS,"UPS: Unidad de alimentación ininterrumpida, también conocida como SAI, que sirve para proteger nuestros datos en caso de que se vaya la luz."
URL,"URL: Localizador Uniforme de Recurso, dícese de la dirección de una página Web de Internet."
USB ,USB (Universal Serial Bus): Conector de dispositivos externos que hace de vía de ampliación de los nuevos ordenadores.
Usenet,Usenet: Conjunto de grupos de noticias que se encuentran accesibles por todo Internet.
Usuario remoto,Usuario remoto:  Persona que se conecta a una red mediante un módem y Acceso telefónico a redes.
Utilidad,Utilidad: Programa que complementa o mejora las funciones de un sistema operativo o de un programa concreto.
VAR,VAR: Distribuidores que comercializan los productos de algún fabricante informático y a los que incorporan un valor añadido.
Ventana,"Ventana: Forma rectangular que aparece en la pantalla y representa a una carpeta, una aplicación, un elemento."
Vídeo CD,Vídeo CD: Disco compacto que contiene una película grabada en vídeo digital (formato MPEG-1).
Vídeo Compuesto,"Vídeo Compuesto: Formato de vídeo en el que en una misma señal se transmite tanto la luminancia como la crominancia, con la consiguiente ligera pérdida de nitidez."
Vínculo,Vínculo: Texto o imagen donde al hacer clic sobre ella nos lleva a una ubicación distinta dentro del documento o a una página Web en Internet.
Virus,"Virus: Programas informáticos diseñados con mala intención, ya que se convierten en parásitos capaces de infectar a otros para incluir una copia evolucionada de sí mismos."
VRAM,VRAM: Tipo de memoria utilizado actualmente.
VRLM ,"VRLM (Virtual Reality Modeling Language): Formato de descripción de entornos en tres dimensiones que permite dibujar dichos entornos y navegar por ellos con el ratón. Con este lenguaje podemos entrar en ""mundos virtuales"", recorrerlos e interactuar con los objetos contenidos en éstos."
WAN ,"WAN (Wide Area Network): Red pública de área ancha, no tiene límites físicos."
Warez,Warez: Software pirateado.
"WAV, RAW, VOC","WAV, RAW, VOC: Formatos de ficheros que contienen audio digital tanto de música como de sonido."
Web,"Web: World Wide Web, Internet. Zona gráfica compuesta por millones de páginas Web y a la cual accedemos por medio de un navegador."
Webmaster,Webmaster: Persona encargada de administrar una Web.
WinZip,WinZip: Popular programa que realiza la compresión de ficheros para un mejor aprovechamiento del espacio en disco.
Workstation,Workstation: Estación de trabajo. Sistema informático con prestaciones superiores a las de un PC.
Xenix,Xenix: Sistema operativo desarrollado por Microsoft de acuerdo a las especificaciones Unix.
XG,XG: Nuevo estándar para  ficheros de música MIDI en el que se mejora sustancialmente la reproducción del sonido.
Yahoo,Yahoo: Portal más popular de Internet que permite la búsqueda de páginas Web por criterios o contenidos.
ZIF ,"ZIF (Zero Insertion Force): Zócalo del microprocesador en el que no es necesario ejercer ninguna presión para pinchar el micro, sino que basta con levantar una palanca."
ZIP,ZIP: Dispositivo de almacenamiento magnético cuyos cartuchos pueden guardar hasta 250 Mb.
Zócalo,"Zócalo: Hueco o lugar de la placa base donde se insertan en microprocesador, las memorias u otros chips."
